{
  "kappa": 0.4179,
  "rho": 0.2,
  "recovery": 13.03571,
  "beta": 135.0,
  "birth": 0.02,
  "death": 0.02,
  "detection": 0.00125,
  "pop": [10000]
}